post_id,locations,trip_template,location_count
0,"['丽池公园', '水晶宫', '玫瑰园', '阿尔卡拉门', '西贝莱斯广场', '太阳门广场', '马德里王宫', '普拉多博物馆', '索菲亚王后艺术中心', '马约尔广场', '圣米盖尔市场', '皇家歌剧院', '德波神庙', '西班牙广场', '塞万提斯雕像']",丽池公园|水晶宫|玫瑰园|阿尔卡拉门|西贝莱斯广场|太阳门广场|马德里王宫|普拉多博物馆|索菲亚王后艺术中心|马约尔广场|圣米盖尔市场|皇家歌剧院|德波神庙|西班牙广场|塞万提斯雕像,15
1,"['丽池公园', '太阳门广场', '普拉多博物馆', '索菲亚王后艺术中心', '马约尔广场', '大都会大厦', '提森博物馆', '托莱多', '阿穆德纳圣母主教座堂', '圣弗朗西斯科埃尔格兰德圣殿', '大都会']",丽池公园|太阳门广场|普拉多博物馆|索菲亚王后艺术中心|马约尔广场|大都会大厦|提森博物馆|托莱多|阿穆德纳圣母主教座堂|圣弗朗西斯科埃尔格兰德圣殿|大都会,11
2,"['丽池公园', '太阳门广场', '马德里王宫', '普拉多博物馆', '马约尔广场', '圣米盖尔市场', '西班牙广场', '格兰大道', 'Casa Botin', '托莱多', '熊和树莓雕塑']",丽池公园|太阳门广场|马德里王宫|普拉多博物馆|马约尔广场|圣米盖尔市场|西班牙广场|格兰大道|Casa Botin|托莱多|熊和树莓雕塑,11
3,"['丽池公园', '太阳门广场', '普拉多博物馆', '索菲亚王后艺术中心', '马约尔广场']",丽池公园|太阳门广场|普拉多博物馆|索菲亚王后艺术中心|马约尔广场,5
4,[],,0
5,"['丽池公园', '水晶宫', '太阳门广场', '马德里王宫', '普拉多博物馆', '马约尔广场', '德波神庙']",丽池公园|水晶宫|太阳门广场|马德里王宫|普拉多博物馆|马约尔广场|德波神庙,7
6,"['丽池公园', '水晶宫', '玫瑰园', '阿尔卡拉门', '西贝莱斯广场', '太阳门广场', '马德里王宫', '普拉多博物馆', '马约尔广场', '圣米盖尔市场', '皇家歌剧院', '西班牙广场', '格兰大道', '塞万提斯雕像']",丽池公园|水晶宫|玫瑰园|阿尔卡拉门|西贝莱斯广场|太阳门广场|马德里王宫|普拉多博物馆|马约尔广场|圣米盖尔市场|皇家歌剧院|西班牙广场|格兰大道|塞万提斯雕像,14
7,"['丽池公园', '索菲亚王后艺术中心']",丽池公园|索菲亚王后艺术中心,2
8,[],,0
9,"['丽池公园', '水晶宫', '阿尔卡拉门', '西贝莱斯广场', '太阳门广场', '马德里王宫', '普拉多博物馆', '马约尔广场', '圣米盖尔市场', '西班牙广场', '格兰大道', '塞万提斯雕像']",丽池公园|水晶宫|阿尔卡拉门|西贝莱斯广场|太阳门广场|马德里王宫|普拉多博物馆|马约尔广场|圣米盖尔市场|西班牙广场|格兰大道|塞万提斯雕像,12
10,"['丽池公园', '太阳门广场', '普拉多博物馆', '马约尔广场', '圣米盖尔市场', '德波神庙', '格兰大道', '阿穆德纳圣母主教座堂']",丽池公园|太阳门广场|普拉多博物馆|马约尔广场|圣米盖尔市场|德波神庙|格兰大道|阿穆德纳圣母主教座堂,8
11,"['丽池公园', '水晶宫', '马德里王宫', '普拉多博物馆', '马约尔广场', '格兰大道', '阿穆德纳圣母主教座堂']",丽池公园|水晶宫|马德里王宫|普拉多博物馆|马约尔广场|格兰大道|阿穆德纳圣母主教座堂,7
12,"['普拉多博物馆', '索菲亚王后艺术中心']",普拉多博物馆|索菲亚王后艺术中心,2
13,['托莱多'],托莱多,1
14,['丽池公园'],丽池公园,1
15,"['太阳门广场', '普拉多博物馆', '索菲亚王后艺术中心', '德波神庙', '提森博物馆']",太阳门广场|普拉多博物馆|索菲亚王后艺术中心|德波神庙|提森博物馆,5
16,"['丽池公园', '马德里王宫', '普拉多博物馆', '索菲亚王后艺术中心', '圣米盖尔市场', '德波神庙', '提森博物馆', '托莱多']",丽池公园|马德里王宫|普拉多博物馆|索菲亚王后艺术中心|圣米盖尔市场|德波神庙|提森博物馆|托莱多,8
17,"['丽池公园', '水晶宫', '马德里王宫', '圣米盖尔市场', '德波神庙', '西班牙广场']",丽池公园|水晶宫|马德里王宫|圣米盖尔市场|德波神庙|西班牙广场,6
18,"['丽池公园', '水晶宫', '阿尔卡拉门', '西贝莱斯广场', '太阳门广场', '马德里王宫', '普拉多博物馆', '索菲亚王后艺术中心', '马约尔广场', '圣米盖尔市场', '德波神庙', '西班牙广场', '提森博物馆', '格兰大道', '托莱多']",丽池公园|水晶宫|阿尔卡拉门|西贝莱斯广场|太阳门广场|马德里王宫|普拉多博物馆|索菲亚王后艺术中心|马约尔广场|圣米盖尔市场|德波神庙|西班牙广场|提森博物馆|格兰大道|托莱多,15
19,"['阿尔卡拉门', '西贝莱斯广场', '太阳门广场', '马约尔广场']",阿尔卡拉门|西贝莱斯广场|太阳门广场|马约尔广场,4
20,"['丽池公园', '水晶宫', '太阳门广场', '马德里王宫', '普拉多博物馆', '马约尔广场', '托莱多']",丽池公园|水晶宫|太阳门广场|马德里王宫|普拉多博物馆|马约尔广场|托莱多,7
21,[],,0
22,[],,0
23,"['丽池公园', '玫瑰园', '阿尔卡拉门', '西贝莱斯广场', '太阳门广场', '马德里王宫', '普拉多博物馆', '马约尔广场', '圣米盖尔市场', '德波神庙', '格兰大道', '托莱多']",丽池公园|玫瑰园|阿尔卡拉门|西贝莱斯广场|太阳门广场|马德里王宫|普拉多博物馆|马约尔广场|圣米盖尔市场|德波神庙|格兰大道|托莱多,12
24,"['丽池公园', '玫瑰园', '普拉多博物馆']",丽池公园|玫瑰园|普拉多博物馆,3
25,"['丽池公园', '阿尔卡拉门', '太阳门广场', '马德里王宫', '普拉多博物馆', '索菲亚王后艺术中心', '圣米盖尔市场', '德波神庙', '阿穆德纳圣母主教座堂']",丽池公园|阿尔卡拉门|太阳门广场|马德里王宫|普拉多博物馆|索菲亚王后艺术中心|圣米盖尔市场|德波神庙|阿穆德纳圣母主教座堂,9
26,['西班牙广场'],西班牙广场,1
27,[],,0
28,"['丽池公园', '水晶宫', '普拉多博物馆', '圣米盖尔市场']",丽池公园|水晶宫|普拉多博物馆|圣米盖尔市场,4
29,['西贝莱斯广场'],西贝莱斯广场,1
30,['索菲亚王后艺术中心'],索菲亚王后艺术中心,1
31,"['丽池公园', '水晶宫', '玫瑰园', '阿尔卡拉门', '太阳门广场', '普拉多博物馆', '索菲亚王后艺术中心', '马约尔广场', '皇家歌剧院', '提森博物馆', '格兰大道']",丽池公园|水晶宫|玫瑰园|阿尔卡拉门|太阳门广场|普拉多博物馆|索菲亚王后艺术中心|马约尔广场|皇家歌剧院|提森博物馆|格兰大道,11
32,[],,0
33,[],,0
34,[],,0
35,[],,0
36,"['丽池公园', '水晶宫', '西贝莱斯广场', '太阳门广场', '马德里王宫', '普拉多博物馆', '马约尔广场']",丽池公园|水晶宫|西贝莱斯广场|太阳门广场|马德里王宫|普拉多博物馆|马约尔广场,7
37,[],,0
38,"['西班牙广场', '托莱多', '塞万提斯雕像']",西班牙广场|托莱多|塞万提斯雕像,3
39,[],,0
40,"['丽池公园', '太阳门广场', '普拉多博物馆', '索菲亚王后艺术中心', '马约尔广场', '圣米盖尔市场', '德波神庙', '西班牙广场', '格兰大道', '塞万提斯雕像']",丽池公园|太阳门广场|普拉多博物馆|索菲亚王后艺术中心|马约尔广场|圣米盖尔市场|德波神庙|西班牙广场|格兰大道|塞万提斯雕像,10
41,"['丽池公园', '玫瑰园', '普拉多博物馆', '索菲亚王后艺术中心', '圣米盖尔市场', '提森博物馆', '格兰大道']",丽池公园|玫瑰园|普拉多博物馆|索菲亚王后艺术中心|圣米盖尔市场|提森博物馆|格兰大道,7
42,[],,0
43,"['丽池公园', '马德里王宫']",丽池公园|马德里王宫,2
44,[],,0
45,"['普拉多博物馆', '索菲亚王后艺术中心']",普拉多博物馆|索菲亚王后艺术中心,2
46,"['太阳门广场', '圣弗朗西斯科埃尔格兰德圣殿']",太阳门广场|圣弗朗西斯科埃尔格兰德圣殿,2
47,"['丽池公园', '水晶宫', '阿尔卡拉门', '马德里王宫', '普拉多博物馆', '马约尔广场', '圣米盖尔市场', '德波神庙', '西班牙广场', '格兰大道', '塞万提斯雕像']",丽池公园|水晶宫|阿尔卡拉门|马德里王宫|普拉多博物馆|马约尔广场|圣米盖尔市场|德波神庙|西班牙广场|格兰大道|塞万提斯雕像,11
48,"['丽池公园', '阿尔卡拉门', '西贝莱斯广场', '太阳门广场', '马德里王宫', '普拉多博物馆', '索菲亚王后艺术中心', '马约尔广场', '圣米盖尔市场', '阿穆德纳圣母主教座堂']",丽池公园|阿尔卡拉门|西贝莱斯广场|太阳门广场|马德里王宫|普拉多博物馆|索菲亚王后艺术中心|马约尔广场|圣米盖尔市场|阿穆德纳圣母主教座堂,10
49,"['丽池公园', '阿尔卡拉门', '西贝莱斯广场', '大都会大厦', '大都会']",丽池公园|阿尔卡拉门|西贝莱斯广场|大都会大厦|大都会,5
50,[],,0
51,[],,0
52,['托莱多'],托莱多,1
53,[],,0
54,"['丽池公园', '水晶宫', '阿尔卡拉门', '太阳门广场', '马德里王宫', '普拉多博物馆', '索菲亚王后艺术中心', '马约尔广场', '圣米盖尔市场', '德波神庙', '西班牙广场', '托莱多']",丽池公园|水晶宫|阿尔卡拉门|太阳门广场|马德里王宫|普拉多博物馆|索菲亚王后艺术中心|马约尔广场|圣米盖尔市场|德波神庙|西班牙广场|托莱多,12
55,"['丽池公园', '马德里王宫', '普拉多博物馆']",丽池公园|马德里王宫|普拉多博物馆,3
56,['马德里王宫'],马德里王宫,1
57,[],,0
58,"['太阳门广场', '马约尔广场', '格兰大道']",太阳门广场|马约尔广场|格兰大道,3
59,['托莱多'],托莱多,1
60,"['丽池公园', '水晶宫', '阿尔卡拉门', '马德里王宫', '普拉多博物馆', '索菲亚王后艺术中心', '提森博物馆', '托莱多']",丽池公园|水晶宫|阿尔卡拉门|马德里王宫|普拉多博物馆|索菲亚王后艺术中心|提森博物馆|托莱多,8
61,['托莱多'],托莱多,1
62,"['丽池公园', '普拉多博物馆', '索菲亚王后艺术中心']",丽池公园|普拉多博物馆|索菲亚王后艺术中心,3
63,"['丽池公园', '阿尔卡拉门', '西贝莱斯广场', '太阳门广场', '马德里王宫', '普拉多博物馆', '马约尔广场', '皇家歌剧院', '德波神庙', '西班牙广场', '大都会大厦', '大都会', '塞万提斯雕像']",丽池公园|阿尔卡拉门|西贝莱斯广场|太阳门广场|马德里王宫|普拉多博物馆|马约尔广场|皇家歌剧院|德波神庙|西班牙广场|大都会大厦|大都会|塞万提斯雕像,13
64,"['太阳门广场', '马约尔广场', '托莱多']",太阳门广场|马约尔广场|托莱多,3
65,[],,0
66,[],,0
67,[],,0
68,"['普拉多博物馆', '索菲亚王后艺术中心']",普拉多博物馆|索菲亚王后艺术中心,2
69,[],,0
70,[],,0
71,"['马德里王宫', '普拉多博物馆', '索菲亚王后艺术中心']",马德里王宫|普拉多博物馆|索菲亚王后艺术中心,3
72,"['马德里王宫', '西班牙广场', '格兰大道', '塞万提斯雕像']",马德里王宫|西班牙广场|格兰大道|塞万提斯雕像,4
73,"['丽池公园', '太阳门广场', '普拉多博物馆', '圣米盖尔市场', '德波神庙']",丽池公园|太阳门广场|普拉多博物馆|圣米盖尔市场|德波神庙,5
74,"['丽池公园', '马德里王宫', '普拉多博物馆', '马约尔广场', '圣米盖尔市场', '德波神庙', '西班牙广场']",丽池公园|马德里王宫|普拉多博物馆|马约尔广场|圣米盖尔市场|德波神庙|西班牙广场,7
75,[],,0
76,"['丽池公园', '水晶宫', '普拉多博物馆', '索菲亚王后艺术中心', '西班牙广场', '格兰大道']",丽池公园|水晶宫|普拉多博物馆|索菲亚王后艺术中心|西班牙广场|格兰大道,6
77,"['丽池公园', '水晶宫', '太阳门广场', '马德里王宫', '马约尔广场', '西班牙广场', '格兰大道']",丽池公园|水晶宫|太阳门广场|马德里王宫|马约尔广场|西班牙广场|格兰大道,7
78,"['丽池公园', '普拉多博物馆', '索菲亚王后艺术中心', '提森博物馆']",丽池公园|普拉多博物馆|索菲亚王后艺术中心|提森博物馆,4
79,"['丽池公园', '水晶宫', '太阳门广场', '马德里王宫', '托莱多']",丽池公园|水晶宫|太阳门广场|马德里王宫|托莱多,5
80,"['丽池公园', '太阳门广场', '普拉多博物馆', '索菲亚王后艺术中心', '马约尔广场']",丽池公园|太阳门广场|普拉多博物馆|索菲亚王后艺术中心|马约尔广场,5
81,['托莱多'],托莱多,1
82,[],,0
83,"['丽池公园', '太阳门广场', '普拉多博物馆', '马约尔广场', '圣米盖尔市场', '德波神庙', '阿穆德纳圣母主教座堂']",丽池公园|太阳门广场|普拉多博物馆|马约尔广场|圣米盖尔市场|德波神庙|阿穆德纳圣母主教座堂,7
84,"['丽池公园', '太阳门广场', '普拉多博物馆', '圣米盖尔市场']",丽池公园|太阳门广场|普拉多博物馆|圣米盖尔市场,4
85,[],,0
86,"['丽池公园', '普拉多博物馆', '西班牙广场', '塞万提斯雕像']",丽池公园|普拉多博物馆|西班牙广场|塞万提斯雕像,4
87,"['丽池公园', '太阳门广场', '普拉多博物馆', '索菲亚王后艺术中心', '马约尔广场', '德波神庙']",丽池公园|太阳门广场|普拉多博物馆|索菲亚王后艺术中心|马约尔广场|德波神庙,6
88,[],,0
89,[],,0
90,['丽池公园'],丽池公园,1
91,"['丽池公园', '马德里王宫', '普拉多博物馆', '索菲亚王后艺术中心', '圣米盖尔市场', '德波神庙', '阿穆德纳圣母主教座堂']",丽池公园|马德里王宫|普拉多博物馆|索菲亚王后艺术中心|圣米盖尔市场|德波神庙|阿穆德纳圣母主教座堂,7
92,"['水晶宫', '马德里王宫', '普拉多博物馆', '索菲亚王后艺术中心', '马约尔广场', '托莱多']",水晶宫|马德里王宫|普拉多博物馆|索菲亚王后艺术中心|马约尔广场|托莱多,6
93,[],,0
94,['普拉多博物馆'],普拉多博物馆,1
95,"['丽池公园', '西贝莱斯广场', '太阳门广场', '马德里王宫', '普拉多博物馆', '马约尔广场', '德波神庙', '格兰大道']",丽池公园|西贝莱斯广场|太阳门广场|马德里王宫|普拉多博物馆|马约尔广场|德波神庙|格兰大道,8
96,[],,0
97,"['丽池公园', '托莱多']",丽池公园|托莱多,2
98,['丽池公园'],丽池公园,1
99,[],,0
100,['西班牙广场'],西班牙广场,1
101,"['丽池公园', '马德里王宫', '西班牙广场']",丽池公园|马德里王宫|西班牙广场,3
102,[],,0
103,"['丽池公园', '西贝莱斯广场', '普拉多博物馆']",丽池公园|西贝莱斯广场|普拉多博物馆,3
104,"['丽池公园', '水晶宫', '太阳门广场', '马德里王宫', '普拉多博物馆', '索菲亚王后艺术中心', '马约尔广场', '德波神庙', '格兰大道']",丽池公园|水晶宫|太阳门广场|马德里王宫|普拉多博物馆|索菲亚王后艺术中心|马约尔广场|德波神庙|格兰大道,9
105,['马约尔广场'],马约尔广场,1
106,"['太阳门广场', '马德里王宫', '普拉多博物馆', '马约尔广场', '格兰大道', '阿穆德纳圣母主教座堂']",太阳门广场|马德里王宫|普拉多博物馆|马约尔广场|格兰大道|阿穆德纳圣母主教座堂,6
107,"['太阳门广场', '格兰大道']",太阳门广场|格兰大道,2
108,[],,0
109,"['西贝莱斯广场', '太阳门广场', '普拉多博物馆', '索菲亚王后艺术中心', '提森博物馆', '格兰大道']",西贝莱斯广场|太阳门广场|普拉多博物馆|索菲亚王后艺术中心|提森博物馆|格兰大道,6
110,['托莱多'],托莱多,1
111,"['大都会大厦', '大都会']",大都会大厦|大都会,2
112,[],,0
113,"['西贝莱斯广场', '太阳门广场', '马约尔广场']",西贝莱斯广场|太阳门广场|马约尔广场,3
114,[],,0
115,"['普拉多博物馆', '马约尔广场', '西班牙广场', '格兰大道', '托莱多']",普拉多博物馆|马约尔广场|西班牙广场|格兰大道|托莱多,5
116,[],,0
117,[],,0
118,"['丽池公园', '普拉多博物馆']",丽池公园|普拉多博物馆,2
119,['马约尔广场'],马约尔广场,1
120,['马德里王宫'],马德里王宫,1
121,"['丽池公园', '太阳门广场', '马德里王宫', '普拉多博物馆', '索菲亚王后艺术中心', '皇家歌剧院', '德波神庙']",丽池公园|太阳门广场|马德里王宫|普拉多博物馆|索菲亚王后艺术中心|皇家歌剧院|德波神庙,7
122,['普拉多博物馆'],普拉多博物馆,1
123,[],,0
124,['西贝莱斯广场'],西贝莱斯广场,1
125,[],,0
126,[],,0
127,"['丽池公园', '水晶宫', '太阳门广场', '普拉多博物馆', '马约尔广场', '圣米盖尔市场', '西班牙广场']",丽池公园|水晶宫|太阳门广场|普拉多博物馆|马约尔广场|圣米盖尔市场|西班牙广场,7
128,"['丽池公园', '普拉多博物馆', '索菲亚王后艺术中心', '皇家歌剧院']",丽池公园|普拉多博物馆|索菲亚王后艺术中心|皇家歌剧院,4
129,[],,0
130,[],,0
131,['太阳门广场'],太阳门广场,1
132,"['丽池公园', '太阳门广场', '索菲亚王后艺术中心', '马约尔广场', '圣米盖尔市场']",丽池公园|太阳门广场|索菲亚王后艺术中心|马约尔广场|圣米盖尔市场,5
133,[],,0
134,"['丽池公园', '普拉多博物馆', '索菲亚王后艺术中心', '德波神庙', '提森博物馆']",丽池公园|普拉多博物馆|索菲亚王后艺术中心|德波神庙|提森博物馆,5
135,"['丽池公园', '水晶宫', '太阳门广场', '普拉多博物馆', '托莱多']",丽池公园|水晶宫|太阳门广场|普拉多博物馆|托莱多,5
136,"['丽池公园', '马德里王宫', '普拉多博物馆', '索菲亚王后艺术中心']",丽池公园|马德里王宫|普拉多博物馆|索菲亚王后艺术中心,4
137,['圣米盖尔市场'],圣米盖尔市场,1
138,[],,0
139,['托莱多'],托莱多,1
140,"['丽池公园', '太阳门广场', '马德里王宫', '普拉多博物馆', '索菲亚王后艺术中心', '圣米盖尔市场', '德波神庙', '西班牙广场', '提森博物馆', '格兰大道', '托莱多']",丽池公园|太阳门广场|马德里王宫|普拉多博物馆|索菲亚王后艺术中心|圣米盖尔市场|德波神庙|西班牙广场|提森博物馆|格兰大道|托莱多,11
141,[],,0
142,[],,0
143,[],,0
144,['普拉多博物馆'],普拉多博物馆,1
145,[],,0
146,"['丽池公园', '普拉多博物馆']",丽池公园|普拉多博物馆,2
147,"['太阳门广场', '马德里王宫', '普拉多博物馆', '索菲亚王后艺术中心', '马约尔广场', '圣米盖尔市场', '西班牙广场', '提森博物馆', '格兰大道', '托莱多']",太阳门广场|马德里王宫|普拉多博物馆|索菲亚王后艺术中心|马约尔广场|圣米盖尔市场|西班牙广场|提森博物馆|格兰大道|托莱多,10
148,"['马德里王宫', '圣米盖尔市场']",马德里王宫|圣米盖尔市场,2
149,"['阿尔卡拉门', '马约尔广场']",阿尔卡拉门|马约尔广场,2
150,"['丽池公园', '太阳门广场', '马德里王宫', '普拉多博物馆', '德波神庙']",丽池公园|太阳门广场|马德里王宫|普拉多博物馆|德波神庙,5
151,[],,0
152,[],,0
153,"['丽池公园', '阿尔卡拉门', '西贝莱斯广场', '太阳门广场', '马德里王宫', '普拉多博物馆', '马约尔广场', '皇家歌剧院', '德波神庙', '西班牙广场', '大都会大厦', '大都会', '塞万提斯雕像']",丽池公园|阿尔卡拉门|西贝莱斯广场|太阳门广场|马德里王宫|普拉多博物馆|马约尔广场|皇家歌剧院|德波神庙|西班牙广场|大都会大厦|大都会|塞万提斯雕像,13
154,[],,0
155,"['丽池公园', '太阳门广场', '马德里王宫', '普拉多博物馆', '索菲亚王后艺术中心', '马约尔广场', '圣米盖尔市场', '德波神庙', '西班牙广场', '托莱多']",丽池公园|太阳门广场|马德里王宫|普拉多博物馆|索菲亚王后艺术中心|马约尔广场|圣米盖尔市场|德波神庙|西班牙广场|托莱多,10
156,[],,0
157,['索菲亚王后艺术中心'],索菲亚王后艺术中心,1
158,"['丽池公园', '阿尔卡拉门', '太阳门广场', '马德里王宫', '马约尔广场']",丽池公园|阿尔卡拉门|太阳门广场|马德里王宫|马约尔广场,5
159,"['丽池公园', '水晶宫', '玫瑰园', '阿尔卡拉门', '西贝莱斯广场', '太阳门广场', '马德里王宫', '普拉多博物馆', '马约尔广场', '圣米盖尔市场', '西班牙广场', '格兰大道', '塞万提斯雕像']",丽池公园|水晶宫|玫瑰园|阿尔卡拉门|西贝莱斯广场|太阳门广场|马德里王宫|普拉多博物馆|马约尔广场|圣米盖尔市场|西班牙广场|格兰大道|塞万提斯雕像,13
160,['西班牙广场'],西班牙广场,1
161,[],,0
162,[],,0
163,"['丽池公园', '水晶宫', '太阳门广场', '马德里王宫', '普拉多博物馆', '索菲亚王后艺术中心', '马约尔广场', '圣米盖尔市场', '德波神庙', '西班牙广场']",丽池公园|水晶宫|太阳门广场|马德里王宫|普拉多博物馆|索菲亚王后艺术中心|马约尔广场|圣米盖尔市场|德波神庙|西班牙广场,10
164,"['丽池公园', '水晶宫', '太阳门广场', '马德里王宫', '普拉多博物馆', '索菲亚王后艺术中心', '马约尔广场', '德波神庙', '西班牙广场', '提森博物馆', '格兰大道']",丽池公园|水晶宫|太阳门广场|马德里王宫|普拉多博物馆|索菲亚王后艺术中心|马约尔广场|德波神庙|西班牙广场|提森博物馆|格兰大道,11
165,"['西贝莱斯广场', '马约尔广场', '西班牙广场', '格兰大道']",西贝莱斯广场|马约尔广场|西班牙广场|格兰大道,4
166,"['圣米盖尔市场', '格兰大道']",圣米盖尔市场|格兰大道,2
167,"['丽池公园', '西班牙广场']",丽池公园|西班牙广场,2
168,[],,0
169,"['马德里王宫', '普拉多博物馆', '圣米盖尔市场']",马德里王宫|普拉多博物馆|圣米盖尔市场,3
170,['普拉多博物馆'],普拉多博物馆,1
171,[],,0
172,[],,0
173,[],,0
174,[],,0
175,[],,0
176,[],,0
177,"['丽池公园', '太阳门广场', '马德里王宫', '普拉多博物馆', '马约尔广场', '德波神庙', '西班牙广场', '大都会大厦', '格兰大道', '托莱多', '大都会']",丽池公园|太阳门广场|马德里王宫|普拉多博物馆|马约尔广场|德波神庙|西班牙广场|大都会大厦|格兰大道|托莱多|大都会,11
178,[],,0
179,[],,0
180,"['西班牙广场', '塞万提斯雕像']",西班牙广场|塞万提斯雕像,2
181,"['太阳门广场', '马德里王宫', '普拉多博物馆', '索菲亚王后艺术中心', '西班牙广场']",太阳门广场|马德里王宫|普拉多博物馆|索菲亚王后艺术中心|西班牙广场,5
182,[],,0
183,['普拉多博物馆'],普拉多博物馆,1
184,[],,0
185,[],,0
186,[],,0
187,[],,0
188,[],,0
189,['马约尔广场'],马约尔广场,1
190,[],,0
191,[],,0
192,[],,0
193,[],,0
194,[],,0
195,[],,0
196,[],,0
197,[],,0
198,"['丽池公园', '太阳门广场', '马德里王宫', '普拉多博物馆', '索菲亚王后艺术中心', '马约尔广场', '圣米盖尔市场', '德波神庙', '西班牙广场', '托莱多']",丽池公园|太阳门广场|马德里王宫|普拉多博物馆|索菲亚王后艺术中心|马约尔广场|圣米盖尔市场|德波神庙|西班牙广场|托莱多,10
199,[],,0
200,"['丽池公园', '太阳门广场', '马德里王宫', '普拉多博物馆', '马约尔广场']",丽池公园|太阳门广场|马德里王宫|普拉多博物馆|马约尔广场,5
201,[],,0
202,"['丽池公园', '水晶宫', '太阳门广场', '普拉多博物馆', '马约尔广场', '圣米盖尔市场', '格兰大道', '阿穆德纳圣母主教座堂']",丽池公园|水晶宫|太阳门广场|普拉多博物馆|马约尔广场|圣米盖尔市场|格兰大道|阿穆德纳圣母主教座堂,8
203,[],,0
204,[],,0
205,[],,0
206,[],,0
207,"['丽池公园', '太阳门广场', '马约尔广场', '圣米盖尔市场']",丽池公园|太阳门广场|马约尔广场|圣米盖尔市场,4
208,[],,0
209,"['丽池公园', '水晶宫', '阿尔卡拉门', '太阳门广场', '马德里王宫', '普拉多博物馆', '马约尔广场', '圣米盖尔市场', '西班牙广场']",丽池公园|水晶宫|阿尔卡拉门|太阳门广场|马德里王宫|普拉多博物馆|马约尔广场|圣米盖尔市场|西班牙广场,9
210,"['丽池公园', '太阳门广场', '马德里王宫', '普拉多博物馆', '索菲亚王后艺术中心', '马约尔广场', '圣米盖尔市场', '阿穆德纳圣母主教座堂']",丽池公园|太阳门广场|马德里王宫|普拉多博物馆|索菲亚王后艺术中心|马约尔广场|圣米盖尔市场|阿穆德纳圣母主教座堂,8
211,"['丽池公园', '普拉多博物馆']",丽池公园|普拉多博物馆,2
212,"['丽池公园', '阿尔卡拉门', '太阳门广场', '马德里王宫', '普拉多博物馆', '马约尔广场', '圣米盖尔市场', '格兰大道']",丽池公园|阿尔卡拉门|太阳门广场|马德里王宫|普拉多博物馆|马约尔广场|圣米盖尔市场|格兰大道,8
213,[],,0
214,[],,0
215,"['丽池公园', '水晶宫', '太阳门广场', '马德里王宫', '普拉多博物馆', '索菲亚王后艺术中心', '马约尔广场']",丽池公园|水晶宫|太阳门广场|马德里王宫|普拉多博物馆|索菲亚王后艺术中心|马约尔广场,7
216,"['丽池公园', '水晶宫', '太阳门广场', '马德里王宫', '普拉多博物馆']",丽池公园|水晶宫|太阳门广场|马德里王宫|普拉多博物馆,5
217,['西班牙广场'],西班牙广场,1
218,[],,0
219,[],,0
220,"['丽池公园', '玫瑰园', '普拉多博物馆']",丽池公园|玫瑰园|普拉多博物馆,3
221,"['普拉多博物馆', '提森博物馆', '托莱多']",普拉多博物馆|提森博物馆|托莱多,3
222,[],,0
223,"['丽池公园', '水晶宫', '马德里王宫', '普拉多博物馆', '索菲亚王后艺术中心', '提森博物馆']",丽池公园|水晶宫|马德里王宫|普拉多博物馆|索菲亚王后艺术中心|提森博物馆,6
224,[],,0
225,[],,0
226,[],,0
227,['太阳门广场'],太阳门广场,1
228,[],,0
229,"['普拉多博物馆', '索菲亚王后艺术中心', '提森博物馆']",普拉多博物馆|索菲亚王后艺术中心|提森博物馆,3
230,[],,0
231,[],,0
232,[],,0
233,"['丽池公园', '玫瑰园']",丽池公园|玫瑰园,2
234,[],,0
235,[],,0
236,[],,0
237,"['丽池公园', '阿尔卡拉门', '太阳门广场', '马德里王宫', '普拉多博物馆', '马约尔广场', '德波神庙', '西班牙广场']",丽池公园|阿尔卡拉门|太阳门广场|马德里王宫|普拉多博物馆|马约尔广场|德波神庙|西班牙广场,8
238,[],,0
239,[],,0
240,[],,0
241,"['丽池公园', '阿尔卡拉门', '西贝莱斯广场', '太阳门广场', '马德里王宫', '普拉多博物馆', '索菲亚王后艺术中心', '马约尔广场', '圣米盖尔市场', '皇家歌剧院', '德波神庙', '西班牙广场', '托莱多']",丽池公园|阿尔卡拉门|西贝莱斯广场|太阳门广场|马德里王宫|普拉多博物馆|索菲亚王后艺术中心|马约尔广场|圣米盖尔市场|皇家歌剧院|德波神庙|西班牙广场|托莱多,13
242,"['丽池公园', '水晶宫', '西贝莱斯广场', '太阳门广场', '马德里王宫', '普拉多博物馆', '马约尔广场', '圣米盖尔市场', '德波神庙', '西班牙广场', '阿穆德纳圣母主教座堂', '塞万提斯雕像']",丽池公园|水晶宫|西贝莱斯广场|太阳门广场|马德里王宫|普拉多博物馆|马约尔广场|圣米盖尔市场|德波神庙|西班牙广场|阿穆德纳圣母主教座堂|塞万提斯雕像,12
243,"['丽池公园', '太阳门广场', '普拉多博物馆', '索菲亚王后艺术中心', '马约尔广场', '圣米盖尔市场', '德波神庙', '西班牙广场']",丽池公园|太阳门广场|普拉多博物馆|索菲亚王后艺术中心|马约尔广场|圣米盖尔市场|德波神庙|西班牙广场,8
244,"['丽池公园', '太阳门广场', '普拉多博物馆', '马约尔广场', '圣米盖尔市场', '格兰大道', '阿穆德纳圣母主教座堂']",丽池公园|太阳门广场|普拉多博物馆|马约尔广场|圣米盖尔市场|格兰大道|阿穆德纳圣母主教座堂,7
245,"['丽池公园', '水晶宫', '西贝莱斯广场', '太阳门广场', '马德里王宫', '普拉多博物馆', '索菲亚王后艺术中心', '马约尔广场', '圣米盖尔市场', '德波神庙', '西班牙广场', '格兰大道', '阿穆德纳圣母主教座堂', '塞万提斯雕像']",丽池公园|水晶宫|西贝莱斯广场|太阳门广场|马德里王宫|普拉多博物馆|索菲亚王后艺术中心|马约尔广场|圣米盖尔市场|德波神庙|西班牙广场|格兰大道|阿穆德纳圣母主教座堂|塞万提斯雕像,14
246,"['丽池公园', '太阳门广场', '马德里王宫', '普拉多博物馆']",丽池公园|太阳门广场|马德里王宫|普拉多博物馆,4
247,"['丽池公园', '水晶宫', '阿尔卡拉门', '西贝莱斯广场', '太阳门广场', '马德里王宫', '普拉多博物馆', '马约尔广场', '圣米盖尔市场', '德波神庙']",丽池公园|水晶宫|阿尔卡拉门|西贝莱斯广场|太阳门广场|马德里王宫|普拉多博物馆|马约尔广场|圣米盖尔市场|德波神庙,10
248,"['丽池公园', '阿尔卡拉门', '太阳门广场', '马德里王宫', '普拉多博物馆', '索菲亚王后艺术中心', '马约尔广场', '圣米盖尔市场', '德波神庙', '西班牙广场']",丽池公园|阿尔卡拉门|太阳门广场|马德里王宫|普拉多博物馆|索菲亚王后艺术中心|马约尔广场|圣米盖尔市场|德波神庙|西班牙广场,10
249,['马约尔广场'],马约尔广场,1
250,[],,0
251,['马约尔广场'],马约尔广场,1
252,"['丽池公园', '水晶宫', '阿尔卡拉门', '西贝莱斯广场', '太阳门广场', '马德里王宫', '普拉多博物馆', '索菲亚王后艺术中心', '马约尔广场', '圣米盖尔市场', '皇家歌剧院', '德波神庙', '西班牙广场', '提森博物馆', '阿穆德纳圣母主教座堂', '塞万提斯雕像']",丽池公园|水晶宫|阿尔卡拉门|西贝莱斯广场|太阳门广场|马德里王宫|普拉多博物馆|索菲亚王后艺术中心|马约尔广场|圣米盖尔市场|皇家歌剧院|德波神庙|西班牙广场|提森博物馆|阿穆德纳圣母主教座堂|塞万提斯雕像,16
253,"['马约尔广场', '格兰大道']",马约尔广场|格兰大道,2
254,"['丽池公园', '水晶宫', '玫瑰园', '太阳门广场', '马德里王宫', '普拉多博物馆', '马约尔广场', '格兰大道']",丽池公园|水晶宫|玫瑰园|太阳门广场|马德里王宫|普拉多博物馆|马约尔广场|格兰大道,8
255,"['丽池公园', '玫瑰园', '阿尔卡拉门', '太阳门广场', '马德里王宫', '普拉多博物馆', '马约尔广场', '圣米盖尔市场']",丽池公园|玫瑰园|阿尔卡拉门|太阳门广场|马德里王宫|普拉多博物馆|马约尔广场|圣米盖尔市场,8
256,"['丽池公园', '太阳门广场', '马德里王宫', '普拉多博物馆', '索菲亚王后艺术中心', '马约尔广场', '圣米盖尔市场']",丽池公园|太阳门广场|马德里王宫|普拉多博物馆|索菲亚王后艺术中心|马约尔广场|圣米盖尔市场,7
257,"['丽池公园', '水晶宫', '玫瑰园']",丽池公园|水晶宫|玫瑰园,3
258,"['丽池公园', '水晶宫', '阿尔卡拉门', '太阳门广场', '马德里王宫', '普拉多博物馆', '索菲亚王后艺术中心', '马约尔广场', '圣米盖尔市场', '德波神庙', '西班牙广场']",丽池公园|水晶宫|阿尔卡拉门|太阳门广场|马德里王宫|普拉多博物馆|索菲亚王后艺术中心|马约尔广场|圣米盖尔市场|德波神庙|西班牙广场,11
259,"['丽池公园', '水晶宫', '太阳门广场', '马德里王宫', '普拉多博物馆', '马约尔广场', '圣米盖尔市场', '西班牙广场', '大都会大厦', '格兰大道', '塞万提斯雕像']",丽池公园|水晶宫|太阳门广场|马德里王宫|普拉多博物馆|马约尔广场|圣米盖尔市场|西班牙广场|大都会大厦|格兰大道|塞万提斯雕像,11
260,[],,0
261,"['丽池公园', '太阳门广场', '马德里王宫', '普拉多博物馆', '索菲亚王后艺术中心', '圣米盖尔市场']",丽池公园|太阳门广场|马德里王宫|普拉多博物馆|索菲亚王后艺术中心|圣米盖尔市场,6
262,"['丽池公园', '阿尔卡拉门', '太阳门广场', '普拉多博物馆', '索菲亚王后艺术中心', '马约尔广场', '皇家歌剧院', '德波神庙', '提森博物馆', '格兰大道', '阿穆德纳圣母主教座堂']",丽池公园|阿尔卡拉门|太阳门广场|普拉多博物馆|索菲亚王后艺术中心|马约尔广场|皇家歌剧院|德波神庙|提森博物馆|格兰大道|阿穆德纳圣母主教座堂,11
263,"['丽池公园', '水晶宫', '阿尔卡拉门', '太阳门广场', '马德里王宫', '普拉多博物馆', '索菲亚王后艺术中心', '马约尔广场', '圣米盖尔市场']",丽池公园|水晶宫|阿尔卡拉门|太阳门广场|马德里王宫|普拉多博物馆|索菲亚王后艺术中心|马约尔广场|圣米盖尔市场,9
264,['德波神庙'],德波神庙,1
265,['托莱多'],托莱多,1
266,"['丽池公园', '玫瑰园', '太阳门广场', '马德里王宫', '普拉多博物馆', '索菲亚王后艺术中心', '马约尔广场']",丽池公园|玫瑰园|太阳门广场|马德里王宫|普拉多博物馆|索菲亚王后艺术中心|马约尔广场,7
267,"['丽池公园', '玫瑰园', '太阳门广场', '马德里王宫', '普拉多博物馆', '马约尔广场', '圣米盖尔市场']",丽池公园|玫瑰园|太阳门广场|马德里王宫|普拉多博物馆|马约尔广场|圣米盖尔市场,7
268,"['丽池公园', '阿尔卡拉门', '太阳门广场', '马德里王宫', '普拉多博物馆']",丽池公园|阿尔卡拉门|太阳门广场|马德里王宫|普拉多博物馆,5
269,"['太阳门广场', '马德里王宫']",太阳门广场|马德里王宫,2
270,"['丽池公园', '阿尔卡拉门', '太阳门广场', '马德里王宫', '普拉多博物馆', '索菲亚王后艺术中心', '马约尔广场', '圣米盖尔市场', '德波神庙', '西班牙广场']",丽池公园|阿尔卡拉门|太阳门广场|马德里王宫|普拉多博物馆|索菲亚王后艺术中心|马约尔广场|圣米盖尔市场|德波神庙|西班牙广场,10
271,"['马约尔广场', '德波神庙', '格兰大道']",马约尔广场|德波神庙|格兰大道,3
272,"['丽池公园', '水晶宫', '玫瑰园', '太阳门广场', '马德里王宫', '普拉多博物馆', '索菲亚王后艺术中心', '马约尔广场', '德波神庙', '格兰大道']",丽池公园|水晶宫|玫瑰园|太阳门广场|马德里王宫|普拉多博物馆|索菲亚王后艺术中心|马约尔广场|德波神庙|格兰大道,10
273,"['丽池公园', '西贝莱斯广场', '太阳门广场', '马德里王宫', '普拉多博物馆', '索菲亚王后艺术中心', '马约尔广场', '圣米盖尔市场', '西班牙广场', '提森博物馆', '格兰大道']",丽池公园|西贝莱斯广场|太阳门广场|马德里王宫|普拉多博物馆|索菲亚王后艺术中心|马约尔广场|圣米盖尔市场|西班牙广场|提森博物馆|格兰大道,11
274,"['马德里王宫', '普拉多博物馆']",马德里王宫|普拉多博物馆,2
275,"['丽池公园', '太阳门广场']",丽池公园|太阳门广场,2
276,"['丽池公园', '水晶宫', '阿尔卡拉门', '太阳门广场', '马德里王宫', '普拉多博物馆', '马约尔广场', '圣米盖尔市场']",丽池公园|水晶宫|阿尔卡拉门|太阳门广场|马德里王宫|普拉多博物馆|马约尔广场|圣米盖尔市场,8
277,"['丽池公园', '圣米盖尔市场']",丽池公园|圣米盖尔市场,2
278,[],,0
279,"['丽池公园', '太阳门广场', '马德里王宫', '索菲亚王后艺术中心', '马约尔广场', '圣米盖尔市场', '德波神庙']",丽池公园|太阳门广场|马德里王宫|索菲亚王后艺术中心|马约尔广场|圣米盖尔市场|德波神庙,7
280,"['丽池公园', '西贝莱斯广场', '太阳门广场', '马德里王宫', '普拉多博物馆', '马约尔广场', '德波神庙', '西班牙广场']",丽池公园|西贝莱斯广场|太阳门广场|马德里王宫|普拉多博物馆|马约尔广场|德波神庙|西班牙广场,8
281,"['丽池公园', '阿尔卡拉门', '西贝莱斯广场', '太阳门广场', '马德里王宫', '普拉多博物馆', '马约尔广场', '圣米盖尔市场', '皇家歌剧院', '德波神庙', '西班牙广场', '塞万提斯雕像']",丽池公园|阿尔卡拉门|西贝莱斯广场|太阳门广场|马德里王宫|普拉多博物馆|马约尔广场|圣米盖尔市场|皇家歌剧院|德波神庙|西班牙广场|塞万提斯雕像,12
282,['丽池公园'],丽池公园,1
283,"['阿尔卡拉门', '太阳门广场', '普拉多博物馆', '马约尔广场', '德波神庙', '西班牙广场', '阿穆德纳圣母主教座堂']",阿尔卡拉门|太阳门广场|普拉多博物馆|马约尔广场|德波神庙|西班牙广场|阿穆德纳圣母主教座堂,7
284,"['丽池公园', '水晶宫', '阿尔卡拉门', '太阳门广场', '马德里王宫', '马约尔广场', '德波神庙', '西班牙广场', '格兰大道', '阿穆德纳圣母主教座堂', '塞万提斯雕像']",丽池公园|水晶宫|阿尔卡拉门|太阳门广场|马德里王宫|马约尔广场|德波神庙|西班牙广场|格兰大道|阿穆德纳圣母主教座堂|塞万提斯雕像,11
285,"['丽池公园', '水晶宫', '玫瑰园', '阿尔卡拉门', '太阳门广场', '普拉多博物馆', '马约尔广场', '格兰大道']",丽池公园|水晶宫|玫瑰园|阿尔卡拉门|太阳门广场|普拉多博物馆|马约尔广场|格兰大道,8
286,"['西班牙广场', '格兰大道']",西班牙广场|格兰大道,2
287,"['阿尔卡拉门', '马德里王宫', '普拉多博物馆', '马约尔广场', '圣米盖尔市场', '德波神庙', '格兰大道']",阿尔卡拉门|马德里王宫|普拉多博物馆|马约尔广场|圣米盖尔市场|德波神庙|格兰大道,7
288,"['丽池公园', '阿尔卡拉门', '西贝莱斯广场', '太阳门广场', '马德里王宫', '普拉多博物馆', '马约尔广场', '圣米盖尔市场', '皇家歌剧院', '德波神庙']",丽池公园|阿尔卡拉门|西贝莱斯广场|太阳门广场|马德里王宫|普拉多博物馆|马约尔广场|圣米盖尔市场|皇家歌剧院|德波神庙,10
289,"['太阳门广场', '马德里王宫', '普拉多博物馆', '马约尔广场', '德波神庙', '阿穆德纳圣母主教座堂']",太阳门广场|马德里王宫|普拉多博物馆|马约尔广场|德波神庙|阿穆德纳圣母主教座堂,6
290,"['丽池公园', '水晶宫', '玫瑰园', '阿尔卡拉门', '西贝莱斯广场', '太阳门广场', '马德里王宫', '普拉多博物馆', '马约尔广场', '圣米盖尔市场', '德波神庙', '西班牙广场', '格兰大道']",丽池公园|水晶宫|玫瑰园|阿尔卡拉门|西贝莱斯广场|太阳门广场|马德里王宫|普拉多博物馆|马约尔广场|圣米盖尔市场|德波神庙|西班牙广场|格兰大道,13
291,"['丽池公园', '马德里王宫', '普拉多博物馆']",丽池公园|马德里王宫|普拉多博物馆,3
292,"['普拉多博物馆', '索菲亚王后艺术中心']",普拉多博物馆|索菲亚王后艺术中心,2
293,"['丽池公园', '西贝莱斯广场', '太阳门广场', '马德里王宫', '普拉多博物馆', '马约尔广场', '格兰大道', '托莱多']",丽池公园|西贝莱斯广场|太阳门广场|马德里王宫|普拉多博物馆|马约尔广场|格兰大道|托莱多,8
294,"['丽池公园', '太阳门广场', '普拉多博物馆', '索菲亚王后艺术中心', '圣米盖尔市场', '西班牙广场']",丽池公园|太阳门广场|普拉多博物馆|索菲亚王后艺术中心|圣米盖尔市场|西班牙广场,6
295,"['丽池公园', '普拉多博物馆']",丽池公园|普拉多博物馆,2
296,"['丽池公园', '太阳门广场', '马德里王宫', '普拉多博物馆', '德波神庙', '西班牙广场', '塞万提斯雕像']",丽池公园|太阳门广场|马德里王宫|普拉多博物馆|德波神庙|西班牙广场|塞万提斯雕像,7
297,"['丽池公园', '玫瑰园', '西贝莱斯广场', '太阳门广场', '马德里王宫', '普拉多博物馆', '马约尔广场', '圣米盖尔市场', '西班牙广场', '塞万提斯雕像']",丽池公园|玫瑰园|西贝莱斯广场|太阳门广场|马德里王宫|普拉多博物馆|马约尔广场|圣米盖尔市场|西班牙广场|塞万提斯雕像,10
298,"['丽池公园', '水晶宫', '圣米盖尔市场', '西班牙广场', '塞万提斯雕像']",丽池公园|水晶宫|圣米盖尔市场|西班牙广场|塞万提斯雕像,5
299,"['马德里王宫', '圣米盖尔市场']",马德里王宫|圣米盖尔市场,2
300,['托莱多'],托莱多,1
301,"['丽池公园', '西贝莱斯广场', '太阳门广场', '普拉多博物馆', '索菲亚王后艺术中心', '马约尔广场', '圣米盖尔市场', '德波神庙', '阿穆德纳圣母主教座堂']",丽池公园|西贝莱斯广场|太阳门广场|普拉多博物馆|索菲亚王后艺术中心|马约尔广场|圣米盖尔市场|德波神庙|阿穆德纳圣母主教座堂,9
302,"['丽池公园', '水晶宫', '玫瑰园']",丽池公园|水晶宫|玫瑰园,3
303,"['丽池公园', '水晶宫', '玫瑰园', '阿尔卡拉门', '太阳门广场', '马德里王宫', '马约尔广场', '圣米盖尔市场']",丽池公园|水晶宫|玫瑰园|阿尔卡拉门|太阳门广场|马德里王宫|马约尔广场|圣米盖尔市场,8
304,"['丽池公园', '太阳门广场', '马德里王宫', '普拉多博物馆', '索菲亚王后艺术中心', '马约尔广场']",丽池公园|太阳门广场|马德里王宫|普拉多博物馆|索菲亚王后艺术中心|马约尔广场,6
305,"['太阳门广场', '马德里王宫', '普拉多博物馆']",太阳门广场|马德里王宫|普拉多博物馆,3
306,['丽池公园'],丽池公园,1
307,"['丽池公园', '玫瑰园', '太阳门广场', '马德里王宫', '普拉多博物馆', '索菲亚王后艺术中心', '马约尔广场', '圣米盖尔市场', '德波神庙']",丽池公园|玫瑰园|太阳门广场|马德里王宫|普拉多博物馆|索菲亚王后艺术中心|马约尔广场|圣米盖尔市场|德波神庙,9
308,"['丽池公园', '圣米盖尔市场']",丽池公园|圣米盖尔市场,2
309,[],,0
310,[],,0
311,['丽池公园'],丽池公园,1
312,['丽池公园'],丽池公园,1
313,['丽池公园'],丽池公园,1
314,['丽池公园'],丽池公园,1
315,['托莱多'],托莱多,1
316,"['丽池公园', '太阳门广场', '普拉多博物馆', '索菲亚王后艺术中心', '马约尔广场']",丽池公园|太阳门广场|普拉多博物馆|索菲亚王后艺术中心|马约尔广场,5
317,[],,0
318,"['太阳门广场', '西班牙广场', '托莱多', '塞万提斯雕像']",太阳门广场|西班牙广场|托莱多|塞万提斯雕像,4
319,[],,0
320,"['丽池公园', '玫瑰园', '太阳门广场', '马德里王宫', '普拉多博物馆', '索菲亚王后艺术中心']",丽池公园|玫瑰园|太阳门广场|马德里王宫|普拉多博物馆|索菲亚王后艺术中心,6
321,"['马德里王宫', '阿穆德纳圣母主教座堂']",马德里王宫|阿穆德纳圣母主教座堂,2
322,"['丽池公园', '阿尔卡拉门', '马约尔广场', '西班牙广场']",丽池公园|阿尔卡拉门|马约尔广场|西班牙广场,4
323,"['丽池公园', '太阳门广场', '马德里王宫', '普拉多博物馆', '索菲亚王后艺术中心']",丽池公园|太阳门广场|马德里王宫|普拉多博物馆|索菲亚王后艺术中心,5
324,[],,0
325,"['丽池公园', '阿尔卡拉门', '太阳门广场', '普拉多博物馆', '马约尔广场', '圣米盖尔市场']",丽池公园|阿尔卡拉门|太阳门广场|普拉多博物馆|马约尔广场|圣米盖尔市场,6
326,[],,0
327,[],,0
328,['马德里王宫'],马德里王宫,1
329,"['丽池公园', '水晶宫', '阿尔卡拉门', '普拉多博物馆']",丽池公园|水晶宫|阿尔卡拉门|普拉多博物馆,4
330,['丽池公园'],丽池公园,1
331,"['丽池公园', '水晶宫']",丽池公园|水晶宫,2
332,[],,0
333,"['丽池公园', '太阳门广场', '马德里王宫', '普拉多博物馆', '索菲亚王后艺术中心', '圣米盖尔市场', '德波神庙', '格兰大道', '托莱多']",丽池公园|太阳门广场|马德里王宫|普拉多博物馆|索菲亚王后艺术中心|圣米盖尔市场|德波神庙|格兰大道|托莱多,9
334,[],,0
335,[],,0
336,"['丽池公园', '马德里王宫', '普拉多博物馆', '格兰大道']",丽池公园|马德里王宫|普拉多博物馆|格兰大道,4
337,"['丽池公园', '阿尔卡拉门', '马德里王宫', '马约尔广场', '圣米盖尔市场', '阿穆德纳圣母主教座堂']",丽池公园|阿尔卡拉门|马德里王宫|马约尔广场|圣米盖尔市场|阿穆德纳圣母主教座堂,6
338,['丽池公园'],丽池公园,1
339,"['马德里王宫', '托莱多']",马德里王宫|托莱多,2
340,"['丽池公园', '普拉多博物馆']",丽池公园|普拉多博物馆,2
341,[],,0
342,"['丽池公园', '普拉多博物馆', '索菲亚王后艺术中心']",丽池公园|普拉多博物馆|索菲亚王后艺术中心,3
343,"['丽池公园', '马约尔广场', '阿穆德纳圣母主教座堂']",丽池公园|马约尔广场|阿穆德纳圣母主教座堂,3
344,"['丽池公园', '索菲亚王后艺术中心']",丽池公园|索菲亚王后艺术中心,2
345,"['丽池公园', '德波神庙']",丽池公园|德波神庙,2
346,[],,0
347,[],,0
348,"['丽池公园', '玫瑰园', '太阳门广场', '马德里王宫', '普拉多博物馆']",丽池公园|玫瑰园|太阳门广场|马德里王宫|普拉多博物馆,5
349,['马约尔广场'],马约尔广场,1
350,"['太阳门广场', '托莱多']",太阳门广场|托莱多,2
351,['丽池公园'],丽池公园,1
352,"['丽池公园', '玫瑰园', '太阳门广场']",丽池公园|玫瑰园|太阳门广场,3
353,['马约尔广场'],马约尔广场,1
354,"['太阳门广场', '托莱多']",太阳门广场|托莱多,2
355,[],,0
356,"['丽池公园', '玫瑰园', '太阳门广场', '马德里王宫', '普拉多博物馆', '马约尔广场', '圣米盖尔市场', '提森博物馆', '阿穆德纳圣母主教座堂']",丽池公园|玫瑰园|太阳门广场|马德里王宫|普拉多博物馆|马约尔广场|圣米盖尔市场|提森博物馆|阿穆德纳圣母主教座堂,9
357,[],,0
358,[],,0
359,"['丽池公园', '水晶宫', '太阳门广场', '普拉多博物馆', '索菲亚王后艺术中心']",丽池公园|水晶宫|太阳门广场|普拉多博物馆|索菲亚王后艺术中心,5
360,"['丽池公园', '普拉多博物馆', '索菲亚王后艺术中心', '圣米盖尔市场', '德波神庙']",丽池公园|普拉多博物馆|索菲亚王后艺术中心|圣米盖尔市场|德波神庙,5
361,[],,0
362,[],,0
363,['格兰大道'],格兰大道,1
364,"['西班牙广场', '托莱多', '塞万提斯雕像']",西班牙广场|托莱多|塞万提斯雕像,3
365,"['丽池公园', '太阳门广场', '马约尔广场', '圣米盖尔市场']",丽池公园|太阳门广场|马约尔广场|圣米盖尔市场,4
366,['丽池公园'],丽池公园,1
367,['托莱多'],托莱多,1
368,[],,0
369,"['丽池公园', '太阳门广场', '普拉多博物馆']",丽池公园|太阳门广场|普拉多博物馆,3
370,"['丽池公园', '阿尔卡拉门', '西贝莱斯广场', '太阳门广场']",丽池公园|阿尔卡拉门|西贝莱斯广场|太阳门广场,4
371,"['丽池公园', '太阳门广场', '马德里王宫', '普拉多博物馆', '马约尔广场', '圣米盖尔市场', '德波神庙', '西班牙广场']",丽池公园|太阳门广场|马德里王宫|普拉多博物馆|马约尔广场|圣米盖尔市场|德波神庙|西班牙广场,8
372,"['太阳门广场', '马德里王宫']",太阳门广场|马德里王宫,2
373,"['丽池公园', '水晶宫', '太阳门广场', '普拉多博物馆', '索菲亚王后艺术中心', '德波神庙', '格兰大道']",丽池公园|水晶宫|太阳门广场|普拉多博物馆|索菲亚王后艺术中心|德波神庙|格兰大道,7
374,['圣米盖尔市场'],圣米盖尔市场,1
375,['丽池公园'],丽池公园,1
376,[],,0
377,[],,0
378,"['丽池公园', '西贝莱斯广场', '太阳门广场', '马德里王宫', '普拉多博物馆', '马约尔广场', '圣米盖尔市场', '德波神庙', '西班牙广场', '格兰大道', '阿穆德纳圣母主教座堂']",丽池公园|西贝莱斯广场|太阳门广场|马德里王宫|普拉多博物馆|马约尔广场|圣米盖尔市场|德波神庙|西班牙广场|格兰大道|阿穆德纳圣母主教座堂,11
379,[],,0
380,"['太阳门广场', '托莱多']",太阳门广场|托莱多,2
381,"['丽池公园', '水晶宫', '玫瑰园', '太阳门广场', '马德里王宫', '普拉多博物馆', '圣米盖尔市场', '西班牙广场', '托莱多', '塞万提斯雕像']",丽池公园|水晶宫|玫瑰园|太阳门广场|马德里王宫|普拉多博物馆|圣米盖尔市场|西班牙广场|托莱多|塞万提斯雕像,10
382,[],,0
383,[],,0
384,"['丽池公园', '水晶宫', '玫瑰园']",丽池公园|水晶宫|玫瑰园,3
385,[],,0
386,['玫瑰园'],玫瑰园,1
387,['马德里王宫'],马德里王宫,1
388,[],,0
389,"['丽池公园', '水晶宫', '太阳门广场', '马德里王宫', '普拉多博物馆', '格兰大道']",丽池公园|水晶宫|太阳门广场|马德里王宫|普拉多博物馆|格兰大道,6
390,['马德里王宫'],马德里王宫,1
391,"['太阳门广场', '马德里王宫', '马约尔广场', '圣米盖尔市场']",太阳门广场|马德里王宫|马约尔广场|圣米盖尔市场,4
392,['马德里王宫'],马德里王宫,1
393,[],,0
394,[],,0
395,['托莱多'],托莱多,1
396,[],,0
397,"['太阳门广场', '马德里王宫', '普拉多博物馆', '西班牙广场']",太阳门广场|马德里王宫|普拉多博物馆|西班牙广场,4
398,[],,0
399,"['丽池公园', '水晶宫', '玫瑰园', '阿尔卡拉门', '西贝莱斯广场', '太阳门广场', '马德里王宫', '普拉多博物馆', '索菲亚王后艺术中心', '马约尔广场', '圣米盖尔市场', '德波神庙', '西班牙广场', '格兰大道', '塞万提斯雕像']",丽池公园|水晶宫|玫瑰园|阿尔卡拉门|西贝莱斯广场|太阳门广场|马德里王宫|普拉多博物馆|索菲亚王后艺术中心|马约尔广场|圣米盖尔市场|德波神庙|西班牙广场|格兰大道|塞万提斯雕像,15
400,['丽池公园'],丽池公园,1
401,"['丽池公园', '西贝莱斯广场', '太阳门广场', '马德里王宫', '普拉多博物馆', '马约尔广场', '圣米盖尔市场']",丽池公园|西贝莱斯广场|太阳门广场|马德里王宫|普拉多博物馆|马约尔广场|圣米盖尔市场,7
402,"['丽池公园', '西贝莱斯广场', '太阳门广场', '马德里王宫', '普拉多博物馆', '马约尔广场', '德波神庙', '格兰大道']",丽池公园|西贝莱斯广场|太阳门广场|马德里王宫|普拉多博物馆|马约尔广场|德波神庙|格兰大道,8
403,['西贝莱斯广场'],西贝莱斯广场,1
404,"['丽池公园', '玫瑰园']",丽池公园|玫瑰园,2
405,"['丽池公园', '水晶宫', '玫瑰园', '阿尔卡拉门', '西贝莱斯广场', '太阳门广场', '马德里王宫', '普拉多博物馆', '马约尔广场', '圣米盖尔市场', '西班牙广场', '格兰大道', '塞万提斯雕像']",丽池公园|水晶宫|玫瑰园|阿尔卡拉门|西贝莱斯广场|太阳门广场|马德里王宫|普拉多博物馆|马约尔广场|圣米盖尔市场|西班牙广场|格兰大道|塞万提斯雕像,13
406,"['太阳门广场', '普拉多博物馆', '圣米盖尔市场', '格兰大道']",太阳门广场|普拉多博物馆|圣米盖尔市场|格兰大道,4
407,"['丽池公园', '阿尔卡拉门', '西贝莱斯广场', '太阳门广场', '马德里王宫', '普拉多博物馆', '索菲亚王后艺术中心', '马约尔广场', '圣米盖尔市场', '皇家歌剧院', '德波神庙', '西班牙广场', '提森博物馆', '阿穆德纳圣母主教座堂']",丽池公园|阿尔卡拉门|西贝莱斯广场|太阳门广场|马德里王宫|普拉多博物馆|索菲亚王后艺术中心|马约尔广场|圣米盖尔市场|皇家歌剧院|德波神庙|西班牙广场|提森博物馆|阿穆德纳圣母主教座堂,14
408,"['丽池公园', '太阳门广场', '普拉多博物馆', '马约尔广场', '圣米盖尔市场', '德波神庙', '西班牙广场']",丽池公园|太阳门广场|普拉多博物馆|马约尔广场|圣米盖尔市场|德波神庙|西班牙广场,7
409,"['丽池公园', '水晶宫', '阿尔卡拉门', '太阳门广场', '马德里王宫', '普拉多博物馆', '索菲亚王后艺术中心', '马约尔广场', '圣米盖尔市场', '德波神庙', '西班牙广场', '塞万提斯雕像']",丽池公园|水晶宫|阿尔卡拉门|太阳门广场|马德里王宫|普拉多博物馆|索菲亚王后艺术中心|马约尔广场|圣米盖尔市场|德波神庙|西班牙广场|塞万提斯雕像,12
410,"['丽池公园', '玫瑰园', '阿尔卡拉门', '西贝莱斯广场', '太阳门广场', '马德里王宫', '普拉多博物馆', '索菲亚王后艺术中心', '马约尔广场', '圣米盖尔市场', '德波神庙', '西班牙广场', '格兰大道', '塞万提斯雕像']",丽池公园|玫瑰园|阿尔卡拉门|西贝莱斯广场|太阳门广场|马德里王宫|普拉多博物馆|索菲亚王后艺术中心|马约尔广场|圣米盖尔市场|德波神庙|西班牙广场|格兰大道|塞万提斯雕像,14
411,"['丽池公园', '水晶宫', '玫瑰园', '太阳门广场', '马德里王宫', '普拉多博物馆', '马约尔广场', '圣米盖尔市场']",丽池公园|水晶宫|玫瑰园|太阳门广场|马德里王宫|普拉多博物馆|马约尔广场|圣米盖尔市场,8
412,"['丽池公园', '马德里王宫', '普拉多博物馆']",丽池公园|马德里王宫|普拉多博物馆,3
413,"['丽池公园', '太阳门广场', '马德里王宫', '普拉多博物馆', '索菲亚王后艺术中心', '马约尔广场', '圣米盖尔市场', '阿穆德纳圣母主教座堂']",丽池公园|太阳门广场|马德里王宫|普拉多博物馆|索菲亚王后艺术中心|马约尔广场|圣米盖尔市场|阿穆德纳圣母主教座堂,8
414,"['丽池公园', '太阳门广场', '格兰大道']",丽池公园|太阳门广场|格兰大道,3
415,['太阳门广场'],太阳门广场,1
416,[],,0
417,[],,0
418,"['丽池公园', '太阳门广场', '索菲亚王后艺术中心', '西班牙广场', '提森博物馆']",丽池公园|太阳门广场|索菲亚王后艺术中心|西班牙广场|提森博物馆,5
419,[],,0
420,[],,0
421,"['丽池公园', '阿尔卡拉门', '西贝莱斯广场', '太阳门广场', '马德里王宫', '普拉多博物馆', '马约尔广场', '圣米盖尔市场']",丽池公园|阿尔卡拉门|西贝莱斯广场|太阳门广场|马德里王宫|普拉多博物馆|马约尔广场|圣米盖尔市场,8
422,[],,0
423,['格兰大道'],格兰大道,1
424,"['丽池公园', '马德里王宫']",丽池公园|马德里王宫,2
425,[],,0
426,[],,0
427,['丽池公园'],丽池公园,1
428,[],,0
429,['丽池公园'],丽池公园,1
430,[],,0
431,"['丽池公园', '水晶宫', '马德里王宫', '普拉多博物馆', '圣米盖尔市场']",丽池公园|水晶宫|马德里王宫|普拉多博物馆|圣米盖尔市场,5
432,"['丽池公园', '阿尔卡拉门']",丽池公园|阿尔卡拉门,2
433,"['丽池公园', '马德里王宫', '普拉多博物馆']",丽池公园|马德里王宫|普拉多博物馆,3
434,[],,0
435,"['马德里王宫', '托莱多']",马德里王宫|托莱多,2
436,['丽池公园'],丽池公园,1
437,[],,0
438,"['丽池公园', '太阳门广场', '普拉多博物馆', '西班牙广场', '托莱多']",丽池公园|太阳门广场|普拉多博物馆|西班牙广场|托莱多,5
439,[],,0
440,['马德里王宫'],马德里王宫,1
441,[],,0
442,[],,0
443,[],,0
444,['西贝莱斯广场'],西贝莱斯广场,1
445,[],,0
446,['丽池公园'],丽池公园,1
447,[],,0
448,[],,0
449,[],,0
450,[],,0
451,"['丽池公园', '马德里王宫', '西班牙广场']",丽池公园|马德里王宫|西班牙广场,3
452,"['马约尔广场', '圣米盖尔市场']",马约尔广场|圣米盖尔市场,2
453,['马约尔广场'],马约尔广场,1
454,['马德里王宫'],马德里王宫,1
455,[],,0
456,[],,0
457,[],,0
458,[],,0
459,[],,0
460,[],,0
461,[],,0
462,['丽池公园'],丽池公园,1
463,[],,0
464,"['丽池公园', '西贝莱斯广场', '太阳门广场', '普拉多博物馆', '马约尔广场', '德波神庙', '西班牙广场', '熊和树莓雕塑']",丽池公园|西贝莱斯广场|太阳门广场|普拉多博物馆|马约尔广场|德波神庙|西班牙广场|熊和树莓雕塑,8
465,[],,0
466,"['丽池公园', '太阳门广场', '普拉多博物馆', '西班牙广场', '托莱多']",丽池公园|太阳门广场|普拉多博物馆|西班牙广场|托莱多,5
467,[],,0
468,[],,0
469,[],,0
470,['托莱多'],托莱多,1
471,"['丽池公园', '太阳门广场', '马德里王宫', '普拉多博物馆', '西班牙广场']",丽池公园|太阳门广场|马德里王宫|普拉多博物馆|西班牙广场,5
472,"['马德里王宫', '普拉多博物馆']",马德里王宫|普拉多博物馆,2
473,['格兰大道'],格兰大道,1
474,[],,0
475,[],,0
476,[],,0
477,"['太阳门广场', '托莱多']",太阳门广场|托莱多,2
478,[],,0
479,"['丽池公园', '阿尔卡拉门', '西贝莱斯广场', '太阳门广场', '马德里王宫', '普拉多博物馆', '索菲亚王后艺术中心', '马约尔广场', '圣米盖尔市场', '皇家歌剧院', '德波神庙', '西班牙广场', '大都会大厦', '提森博物馆', '格兰大道', '阿穆德纳圣母主教座堂', '大都会']",丽池公园|阿尔卡拉门|西贝莱斯广场|太阳门广场|马德里王宫|普拉多博物馆|索菲亚王后艺术中心|马约尔广场|圣米盖尔市场|皇家歌剧院|德波神庙|西班牙广场|大都会大厦|提森博物馆|格兰大道|阿穆德纳圣母主教座堂|大都会,17
480,[],,0
481,[],,0
482,[],,0
483,[],,0
484,['丽池公园'],丽池公园,1
485,[],,0
486,"['马德里王宫', '普拉多博物馆']",马德里王宫|普拉多博物馆,2
